{
  "python": "3.11",
  "comfyui": "ca457f7ba1ff33bd0d724cd7324131509efcf3ec",
  "models": [
    {
      "filename": "models/checkpoints/pixelArtDiffusionXL_spriteShaper.safetensors",
      "size": 6938040682,
      "atime": 1734504149.6992304,
      "ctime": 1734502753.6664784,
      "disabled": false,
      "sha256": "7adffa28d4003a773c2d4e5f10ae1ba63c33573967864a7f9a4a3be9c9f04a93",
      "source": {
        "download_url": "https://huggingface.co/IronBullXD/AI_Mooodeeels/resolve/11e721aed56491605270aae3c4d65316d59fcb54/pixelArtDiffusionXL_spriteShaper (1).safetensors?download=true",
        "url": "https://huggingface.co/IronBullXD/AI_Mooodeeels/blob/11e721aed56491605270aae3c4d65316d59fcb54/pixelArtDiffusionXL_spriteShaper (1).safetensors",
        "repo": "IronBullXD/AI_Mooodeeels",
        "commit": "11e721aed56491605270aae3c4d65316d59fcb54",
        "path": "pixelArtDiffusionXL_spriteShaper (1).safetensors",
        "source": "huggingface"
      }
    }
  ],
  "custom_nodes": [
    {
      "url": "https://github.com/ltdrdata/ComfyUI-Manager.git",
      "commit_hash": "145410eb9332e620133d61324f6c9f87034ae393",
      "disabled": false
    },
    {
      "url": "https://github.com/bentoml/comfy-pack.git",
      "commit_hash": "4bfd08cead1a98bacb93ed5b0defb896c20cee57",
      "disabled": false
    }
  ]
}