{
  "3": {
    "inputs": {
      "seed": [
        "27",
        0
      ],
      "steps": 20,
      "cfg": 8,
      "sampler_name": "euler",
      "scheduler": "normal",
      "denoise": 1,
      "model": [
        "4",
        0
      ],
      "positive": [
        "6",
        0
      ],
      "negative": [
        "7",
        0
      ],
      "latent_image": [
        "5",
        0
      ]
    },
    "class_type": "KSampler",
    "_meta": {
      "title": "KSampler"
    }
  },
  "4": {
    "inputs": {
      "ckpt_name": "pixelArtDiffusionXL_spriteShaper.safetensors"
    },
    "class_type": "CheckpointLoaderSimple",
    "_meta": {
      "title": "Load Checkpoint"
    }
  },
  "5": {
    "inputs": {
      "width": [
        "14",
        0
      ],
      "height": [
        "13",
        0
      ],
      "batch_size": 1
    },
    "class_type": "EmptyLatentImage",
    "_meta": {
      "title": "Empty Latent Image"
    }
  },
  "6": {
    "inputs": {
      "text": [
        "11",
        0
      ],
      "clip": [
        "4",
        1
      ]
    },
    "class_type": "CLIPTextEncode",
    "_meta": {
      "title": "CLIP Text Encode (Prompt)"
    }
  },
  "7": {
    "inputs": {
      "text": "text, watermark",
      "clip": [
        "4",
        1
      ]
    },
    "class_type": "CLIPTextEncode",
    "_meta": {
      "title": "CLIP Text Encode (Prompt)"
    }
  },
  "8": {
    "inputs": {
      "samples": [
        "3",
        0
      ],
      "vae": [
        "4",
        2
      ]
    },
    "class_type": "VAEDecode",
    "_meta": {
      "title": "VAE Decode"
    }
  },
  "11": {
    "inputs": {
      "value": "rose in a glass bottle"
    },
    "class_type": "CPackInputString",
    "_meta": {
      "title": "prompt",
      "options": {}
    }
  },
  "13": {
    "inputs": {
      "value": 512,
      "min": 24,
      "max": 2048
    },
    "class_type": "CPackInputInt",
    "_meta": {
      "title": "height",
      "options": {
        "min": 0,
        "max": 2048,
        "step": 10,
        "round": 1,
        "precision": 0
      }
    }
  },
  "14": {
    "inputs": {
      "value": 512,
      "min": 24,
      "max": 2048
    },
    "class_type": "CPackInputInt",
    "_meta": {
      "title": "width",
      "options": {
        "min": 0,
        "max": 2048,
        "step": 10,
        "round": 1,
        "precision": 0
      }
    }
  },
  "27": {
    "inputs": {
      "value": 0,
      "min": -9223372036854776000,
      "max": 9223372036854776000
    },
    "class_type": "CPackInputInt",
    "_meta": {
      "title": "seed",
      "options": {
        "min": 0,
        "max": 2048,
        "step": 10,
        "round": 1,
        "precision": 0
      }
    }
  },
  "30": {
    "inputs": {
      "filename_prefix": "cpack_output_",
      "images": [
        "8",
        0
      ]
    },
    "class_type": "CPackOutputImage",
    "_meta": {
      "title": "Image Output"
    }
  }
}