{
  "last_node_id": 30,
  "last_link_id": 35,
  "nodes": [
    {
      "id": 7,
      "type": "CLIPTextEncode",
      "pos": [
        333.76666259765625,
        276.97076416015625
      ],
      "size": [
        425.27801513671875,
        180.6060791015625
      ],
      "flags": {},
      "order": 5,
      "mode": 0,
      "inputs": [
        {
          "name": "clip",
          "type": "CLIP",
          "link": 5
        }
      ],
      "outputs": [
        {
          "name": "CONDITIONING",
          "type": "CONDITIONING",
          "links": [
            6
          ],
          "slot_index": 0
        }
      ],
      "properties": {
        "Node name for S&R": "CLIPTextEncode"
      },
      "widgets_values": [
        "text, watermark"
      ]
    },
    {
      "id": 5,
      "type": "EmptyLatentImage",
      "pos": [
        386.0835876464844,
        541.0578002929688
      ],
      "size": [
        315,
        106
      ],
      "flags": {},
      "order": 7,
      "mode": 0,
      "inputs": [
        {
          "name": "height",
          "type": "INT",
          "link": 20,
          "widget": {
            "name": "height"
          }
        },
        {
          "name": "width",
          "type": "INT",
          "link": 27,
          "widget": {
            "name": "width"
          }
        }
      ],
      "outputs": [
        {
          "name": "LATENT",
          "type": "LATENT",
          "links": [
            2
          ],
          "slot_index": 0
        }
      ],
      "properties": {
        "Node name for S&R": "EmptyLatentImage"
      },
      "widgets_values": [
        512,
        512,
        1
      ]
    },
    {
      "id": 3,
      "type": "KSampler",
      "pos": [
        825.3229370117188,
        182.82565307617188
      ],
      "size": [
        315,
        262
      ],
      "flags": {},
      "order": 8,
      "mode": 0,
      "inputs": [
        {
          "name": "model",
          "type": "MODEL",
          "link": 1
        },
        {
          "name": "positive",
          "type": "CONDITIONING",
          "link": 4
        },
        {
          "name": "negative",
          "type": "CONDITIONING",
          "link": 6
        },
        {
          "name": "latent_image",
          "type": "LATENT",
          "link": 2
        },
        {
          "name": "seed",
          "type": "INT",
          "link": 34,
          "widget": {
            "name": "seed"
          }
        }
      ],
      "outputs": [
        {
          "name": "LATENT",
          "type": "LATENT",
          "links": [
            7
          ],
          "slot_index": 0
        }
      ],
      "properties": {
        "Node name for S&R": "KSampler"
      },
      "widgets_values": [
        714277975734830,
        "randomize",
        20,
        8,
        "euler",
        "normal",
        1
      ]
    },
    {
      "id": 8,
      "type": "VAEDecode",
      "pos": [
        894.8474731445312,
        548.6630859375
      ],
      "size": [
        210,
        46
      ],
      "flags": {},
      "order": 9,
      "mode": 0,
      "inputs": [
        {
          "name": "samples",
          "type": "LATENT",
          "link": 7
        },
        {
          "name": "vae",
          "type": "VAE",
          "link": 8
        }
      ],
      "outputs": [
        {
          "name": "IMAGE",
          "type": "IMAGE",
          "links": [
            35
          ],
          "slot_index": 0
        }
      ],
      "properties": {
        "Node name for S&R": "VAEDecode"
      },
      "widgets_values": []
    },
    {
      "id": 30,
      "type": "CPackOutputImage",
      "pos": [
        1184.6336669921875,
        551.2633056640625
      ],
      "size": [
        315,
        58
      ],
      "flags": {},
      "order": 10,
      "mode": 0,
      "inputs": [
        {
          "name": "images",
          "type": "IMAGE",
          "link": 35
        }
      ],
      "outputs": [],
      "properties": {
        "Node name for S&R": "CPackOutputImage"
      },
      "widgets_values": [
        "cpack_output_"
      ]
    },
    {
      "id": 4,
      "type": "CheckpointLoaderSimple",
      "pos": [
        -21.08745574951172,
        172.47288513183594
      ],
      "size": [
        315,
        98
      ],
      "flags": {},
      "order": 0,
      "mode": 0,
      "inputs": [],
      "outputs": [
        {
          "name": "MODEL",
          "type": "MODEL",
          "links": [
            1
          ],
          "slot_index": 0
        },
        {
          "name": "CLIP",
          "type": "CLIP",
          "links": [
            5,
            10
          ],
          "slot_index": 1
        },
        {
          "name": "VAE",
          "type": "VAE",
          "links": [
            8
          ],
          "slot_index": 2
        }
      ],
      "properties": {
        "Node name for S&R": "CheckpointLoaderSimple"
      },
      "widgets_values": [
        "pixelArtDiffusionXL_spriteShaper.safetensors"
      ]
    },
    {
      "id": 11,
      "type": "CPackInputString",
      "pos": [
        -102.22083282470703,
        -23.276077270507812
      ],
      "size": [
        324.3271789550781,
        76.56462097167969
      ],
      "flags": {},
      "order": 1,
      "mode": 0,
      "inputs": [],
      "outputs": [
        {
          "name": "value",
          "type": "STRING",
          "links": [
            12
          ],
          "slot_index": 0
        }
      ],
      "title": "prompt",
      "properties": {
        "Node name for S&R": "CPackInputString"
      },
      "widgets_values": [
        "rose in a glass bottle"
      ],
      "color": "#323",
      "bgcolor": "#535"
    },
    {
      "id": 27,
      "type": "CPackInputInt",
      "pos": [
        -88.9986801147461,
        800.5558471679688
      ],
      "size": [
        315,
        106
      ],
      "flags": {},
      "order": 2,
      "mode": 0,
      "inputs": [],
      "outputs": [
        {
          "name": "value",
          "type": "INT",
          "links": [
            34
          ],
          "slot_index": 0
        }
      ],
      "title": "seed",
      "properties": {
        "Node name for S&R": "CPackInputInt"
      },
      "widgets_values": [
        0,
        -9223372036854776000,
        9223372036854776000
      ],
      "color": "#323",
      "bgcolor": "#535"
    },
    {
      "id": 6,
      "type": "CLIPTextEncode",
      "pos": [
        342.3731689453125,
        -0.20187950134277344
      ],
      "size": [
        422.84503173828125,
        164.31304931640625
      ],
      "flags": {},
      "order": 6,
      "mode": 0,
      "inputs": [
        {
          "name": "clip",
          "type": "CLIP",
          "link": 10
        },
        {
          "name": "text",
          "type": "STRING",
          "link": 12,
          "widget": {
            "name": "text"
          }
        }
      ],
      "outputs": [
        {
          "name": "CONDITIONING",
          "type": "CONDITIONING",
          "links": [
            4
          ],
          "slot_index": 0
        }
      ],
      "properties": {
        "Node name for S&R": "CLIPTextEncode"
      },
      "widgets_values": [
        "beautiful scenery nature glass bottle landscape, , purple galaxy bottle,"
      ]
    },
    {
      "id": 13,
      "type": "CPackInputInt",
      "pos": [
        -94.55402374267578,
        368.2644348144531
      ],
      "size": [
        315,
        106
      ],
      "flags": {},
      "order": 3,
      "mode": 0,
      "inputs": [],
      "outputs": [
        {
          "name": "value",
          "type": "INT",
          "links": [
            20
          ],
          "slot_index": 0
        }
      ],
      "title": "height",
      "properties": {
        "Node name for S&R": "CPackInputInt"
      },
      "widgets_values": [
        512,
        24,
        2048
      ],
      "color": "#323",
      "bgcolor": "#535"
    },
    {
      "id": 14,
      "type": "CPackInputInt",
      "pos": [
        -92.49888610839844,
        586.9037475585938
      ],
      "size": [
        315,
        106
      ],
      "flags": {},
      "order": 4,
      "mode": 0,
      "inputs": [],
      "outputs": [
        {
          "name": "value",
          "type": "INT",
          "links": [
            27
          ],
          "slot_index": 0
        }
      ],
      "title": "width",
      "properties": {
        "Node name for S&R": "CPackInputInt"
      },
      "widgets_values": [
        512,
        24,
        2048
      ],
      "color": "#323",
      "bgcolor": "#535"
    }
  ],
  "links": [
    [
      1,
      4,
      0,
      3,
      0,
      "MODEL"
    ],
    [
      2,
      5,
      0,
      3,
      3,
      "LATENT"
    ],
    [
      4,
      6,
      0,
      3,
      1,
      "CONDITIONING"
    ],
    [
      5,
      4,
      1,
      7,
      0,
      "CLIP"
    ],
    [
      6,
      7,
      0,
      3,
      2,
      "CONDITIONING"
    ],
    [
      7,
      3,
      0,
      8,
      0,
      "LATENT"
    ],
    [
      8,
      4,
      2,
      8,
      1,
      "VAE"
    ],
    [
      10,
      4,
      1,
      6,
      0,
      "CLIP"
    ],
    [
      12,
      11,
      0,
      6,
      1,
      "STRING"
    ],
    [
      20,
      13,
      0,
      5,
      0,
      "INT"
    ],
    [
      27,
      14,
      0,
      5,
      1,
      "INT"
    ],
    [
      34,
      27,
      0,
      3,
      4,
      "INT"
    ],
    [
      35,
      8,
      0,
      30,
      0,
      "IMAGE"
    ]
  ],
  "groups": [],
  "config": {},
  "extra": {
    "ds": {
      "scale": 0.6115909044841488,
      "offset": [
        919.1181397098464,
        280.35975677899563
      ]
    }
  },
  "version": 0.4
}